schema	npc-evaluation-v3
split	development
family_count	24
variants_per_family	48
weighting	equal-family
initialized_seed	42
history_disabled_fields	8,9,10,11
composition_sample_identity	dev-first8variants-first8decisions-nonfallback-v3
family	24	planner	48	48	48	0	0	480	0	0	0	0	0
family	24	reactive	48	48	48	0	0	480	0	0	0	0	0
family	24	initialized	48	0	48	0	48	3072	0	0	0	0	756
family	24	trained	48	48	48	0	0	480	0	0	0	0	0
family	24	memoryless	48	48	48	0	0	480	0	0	0	0	0
family	24	module0	48	48	48	0	0	480	0	0	0	0	0
family	24	module1	48	48	48	0	0	480	0	0	0	0	48
family	24	previous	48	36	48	0	12	1200	0	0	0	0	0
family	25	planner	48	48	48	0	0	576	48	48	0	0	48
family	25	reactive	48	48	48	0	0	576	48	48	0	0	48
family	25	initialized	48	0	48	0	48	3072	0	0	0	0	1332
family	25	trained	48	48	48	0	0	576	48	48	0	0	48
family	25	memoryless	48	48	48	0	0	576	48	48	0	0	48
family	25	module0	48	48	48	0	0	576	48	48	0	0	48
family	25	module1	48	48	48	0	0	576	48	48	0	0	48
family	25	previous	48	0	0	48	0	192	0	0	0	0	48
family	26	planner	48	48	48	0	0	408	0	0	0	0	0
family	26	reactive	48	24	24	24	0	276	0	0	0	0	0
family	26	initialized	48	0	48	0	48	3072	0	0	0	0	439
family	26	trained	48	48	48	0	0	408	0	0	0	0	0
family	26	memoryless	48	24	24	24	0	276	0	0	0	0	0
family	26	module0	48	48	48	0	0	408	0	0	0	0	0
family	26	module1	48	48	48	0	0	408	0	0	0	0	0
family	26	previous	48	48	48	0	0	408	0	0	0	0	0
family	27	planner	48	48	48	0	0	576	0	0	0	0	0
family	27	reactive	48	48	48	0	0	576	0	0	0	0	0
family	27	initialized	48	0	48	0	48	3072	0	0	0	0	792
family	27	trained	48	48	48	0	0	576	0	0	0	0	0
family	27	memoryless	48	48	48	0	0	576	0	0	0	0	0
family	27	module0	48	48	48	0	0	576	0	0	0	0	0
family	27	module1	48	48	48	0	0	576	0	0	0	0	48
family	27	previous	48	48	48	0	0	576	0	0	0	0	0
family	28	planner	48	48	48	0	0	624	48	48	0	0	48
family	28	reactive	48	48	48	0	0	624	48	48	0	0	48
family	28	initialized	48	0	48	0	48	3072	0	0	0	0	792
family	28	trained	48	48	48	0	0	624	48	48	0	0	48
family	28	memoryless	48	48	48	0	0	624	48	48	0	0	48
family	28	module0	48	48	48	0	0	624	48	48	0	0	48
family	28	module1	48	48	48	0	0	624	48	48	0	0	48
family	28	previous	48	12	12	36	0	312	0	0	0	0	48
family	29	planner	48	48	48	0	0	480	0	0	0	0	0
family	29	reactive	48	24	24	24	0	312	0	0	0	0	0
family	29	initialized	48	0	48	0	48	3072	0	0	0	0	439
family	29	trained	48	48	48	0	0	480	0	0	0	0	0
family	29	memoryless	48	24	24	24	0	312	0	0	0	0	0
family	29	module0	48	48	48	0	0	480	0	0	0	0	0
family	29	module1	48	48	48	0	0	480	0	0	0	0	0
family	29	previous	48	48	48	0	0	480	0	0	0	0	0
family	30	planner	48	48	48	0	0	432	0	0	0	0	0
family	30	reactive	48	48	48	0	0	432	0	0	0	0	0
family	30	initialized	48	0	48	0	48	3072	0	0	0	0	792
family	30	trained	48	48	48	0	0	432	0	0	0	0	0
family	30	memoryless	48	48	48	0	0	432	0	0	0	0	0
family	30	module0	48	48	48	0	0	432	0	0	0	0	0
family	30	module1	48	48	48	0	0	432	0	0	0	0	48
family	30	previous	48	24	48	0	24	1800	0	0	0	0	0
family	31	planner	48	48	48	0	0	672	48	48	0	0	48
family	31	reactive	48	48	48	0	0	672	48	48	0	0	48
family	31	initialized	48	0	48	0	48	3072	0	0	0	0	804
family	31	trained	48	48	48	0	0	672	48	48	0	0	48
family	31	memoryless	48	48	48	0	0	672	48	48	0	0	48
family	31	module0	48	48	48	0	0	672	48	48	0	0	48
family	31	module1	48	48	48	0	0	672	48	48	0	0	48
family	31	previous	48	0	0	48	0	144	0	0	0	0	48
family	32	planner	48	48	48	0	0	480	0	0	0	0	0
family	32	reactive	48	24	24	24	0	312	0	0	0	0	0
family	32	initialized	48	0	48	0	48	3072	0	0	0	0	468
family	32	trained	48	48	48	0	0	480	0	0	0	0	0
family	32	memoryless	48	24	24	24	0	312	0	0	0	0	0
family	32	module0	48	48	48	0	0	480	0	0	0	0	0
family	32	module1	48	48	48	0	0	480	0	0	0	0	0
family	32	previous	48	48	48	0	0	480	0	0	0	0	0
family	33	planner	48	48	48	0	0	672	0	0	0	0	0
family	33	reactive	48	48	48	0	0	672	0	0	0	0	0
family	33	initialized	48	0	48	0	48	3072	0	0	0	0	420
family	33	trained	48	48	48	0	0	672	0	0	0	0	0
family	33	memoryless	48	48	48	0	0	672	0	0	0	0	0
family	33	module0	48	48	48	0	0	672	0	0	0	0	0
family	33	module1	48	48	48	0	0	672	0	0	0	0	48
family	33	previous	48	48	48	0	0	672	0	0	0	0	0
family	34	planner	48	48	48	0	0	576	48	48	0	0	48
family	34	reactive	48	48	48	0	0	576	48	48	0	0	48
family	34	initialized	48	0	48	0	48	3072	0	0	0	0	1332
family	34	trained	48	48	48	0	0	576	48	48	0	0	48
family	34	memoryless	48	48	48	0	0	576	48	48	0	0	48
family	34	module0	48	48	48	0	0	576	48	48	0	0	48
family	34	module1	48	48	48	0	0	576	48	48	0	0	48
family	34	previous	48	0	0	48	0	192	0	0	0	0	48
family	35	planner	48	48	48	0	0	480	0	0	0	0	0
family	35	reactive	48	24	24	24	0	312	0	0	0	0	0
family	35	initialized	48	0	48	0	48	3072	0	0	0	0	439
family	35	trained	48	48	48	0	0	480	0	0	0	0	0
family	35	memoryless	48	24	24	24	0	312	0	0	0	0	0
family	35	module0	48	48	48	0	0	480	0	0	0	0	0
family	35	module1	48	48	48	0	0	480	0	0	0	0	0
family	35	previous	48	48	48	0	0	482	0	0	0	0	0
family	36	planner	48	48	48	0	0	624	0	0	0	0	0
family	36	reactive	48	48	48	0	0	624	0	0	0	0	0
family	36	initialized	48	0	48	0	48	3072	0	0	0	0	372
family	36	trained	48	48	48	0	0	624	0	0	0	0	0
family	36	memoryless	48	48	48	0	0	624	0	0	0	0	0
family	36	module0	48	48	48	0	0	624	0	0	0	0	0
family	36	module1	48	48	48	0	0	624	0	0	0	0	48
family	36	previous	48	48	48	0	0	624	0	0	0	0	0
family	37	planner	48	48	48	0	0	624	48	48	0	0	48
family	37	reactive	48	48	48	0	0	624	48	48	0	0	48
family	37	initialized	48	0	48	0	48	3072	0	0	0	0	792
family	37	trained	48	48	48	0	0	624	48	48	0	0	48
family	37	memoryless	48	48	48	0	0	624	48	48	0	0	48
family	37	module0	48	48	48	0	0	624	48	48	0	0	48
family	37	module1	48	48	48	0	0	624	48	48	0	0	48
family	37	previous	48	12	12	36	0	324	0	0	0	0	48
family	38	planner	48	48	48	0	0	480	0	0	0	0	0
family	38	reactive	48	24	24	24	0	312	0	0	0	0	0
family	38	initialized	48	0	48	0	48	3072	0	0	0	0	468
family	38	trained	48	48	48	0	0	480	0	0	0	0	0
family	38	memoryless	48	24	24	24	0	312	0	0	0	0	0
family	38	module0	48	48	48	0	0	480	0	0	0	0	0
family	38	module1	48	48	48	0	0	480	0	0	0	0	0
family	38	previous	48	48	48	0	0	480	0	0	0	0	0
family	39	planner	48	48	48	0	0	720	0	0	0	0	0
family	39	reactive	48	48	48	0	0	720	0	0	0	0	0
family	39	initialized	48	0	48	0	48	3072	0	0	0	0	756
family	39	trained	48	48	48	0	0	720	0	0	0	0	0
family	39	memoryless	48	48	48	0	0	720	0	0	0	0	0
family	39	module0	48	48	48	0	0	720	0	0	0	0	0
family	39	module1	48	48	48	0	0	720	0	0	0	0	48
family	39	previous	48	48	48	0	0	720	0	0	0	0	0
family	40	planner	48	48	48	0	0	672	48	48	0	0	48
family	40	reactive	48	48	48	0	0	672	48	48	0	0	48
family	40	initialized	48	0	48	0	48	3072	0	0	0	0	804
family	40	trained	48	48	48	0	0	672	48	48	0	0	48
family	40	memoryless	48	48	48	0	0	672	48	48	0	0	48
family	40	module0	48	48	48	0	0	672	48	48	0	0	48
family	40	module1	48	48	48	0	0	672	48	48	0	0	48
family	40	previous	48	0	0	48	0	144	0	0	0	0	48
family	41	planner	48	48	48	0	0	480	0	0	0	0	0
family	41	reactive	48	24	24	24	0	312	0	0	0	0	0
family	41	initialized	48	0	48	0	48	3072	0	0	0	0	410
family	41	trained	48	48	48	0	0	480	0	0	0	0	0
family	41	memoryless	48	24	24	24	0	312	0	0	0	0	0
family	41	module0	48	48	48	0	0	480	0	0	0	0	0
family	41	module1	48	48	48	0	0	480	0	0	0	0	0
family	41	previous	48	48	48	0	0	502	0	0	0	0	0
family	42	planner	48	48	48	0	0	576	0	0	0	0	0
family	42	reactive	48	48	48	0	0	576	0	0	0	0	0
family	42	initialized	48	0	48	0	48	3072	0	0	0	0	768
family	42	trained	48	48	48	0	0	576	0	0	0	0	0
family	42	memoryless	48	48	48	0	0	576	0	0	0	0	0
family	42	module0	48	48	48	0	0	576	0	0	0	0	0
family	42	module1	48	48	48	0	0	576	0	0	0	0	48
family	42	previous	48	48	48	0	0	576	0	0	0	0	0
family	43	planner	48	48	48	0	0	576	48	48	0	0	48
family	43	reactive	48	48	48	0	0	576	48	48	0	0	48
family	43	initialized	48	0	48	0	48	3072	0	0	0	0	1332
family	43	trained	48	48	48	0	0	576	48	48	0	0	48
family	43	memoryless	48	48	48	0	0	576	48	48	0	0	48
family	43	module0	48	48	48	0	0	576	48	48	0	0	48
family	43	module1	48	48	48	0	0	576	48	48	0	0	48
family	43	previous	48	0	0	48	0	192	0	0	0	0	48
family	44	planner	48	48	48	0	0	552	0	0	0	0	0
family	44	reactive	48	24	24	24	0	348	0	0	0	0	0
family	44	initialized	48	0	48	0	48	3072	0	0	0	0	439
family	44	trained	48	48	48	0	0	552	0	0	0	0	0
family	44	memoryless	48	24	24	24	0	348	0	0	0	0	0
family	44	module0	48	48	48	0	0	552	0	0	0	0	0
family	44	module1	48	48	48	0	0	552	0	0	0	0	0
family	44	previous	48	48	48	0	0	562	0	0	0	0	0
family	45	planner	48	48	48	0	0	672	0	0	0	0	0
family	45	reactive	48	48	48	0	0	672	0	0	0	0	0
family	45	initialized	48	0	48	0	48	3072	0	0	0	0	792
family	45	trained	48	48	48	0	0	672	0	0	0	0	0
family	45	memoryless	48	48	48	0	0	672	0	0	0	0	0
family	45	module0	48	48	48	0	0	672	0	0	0	0	0
family	45	module1	48	48	48	0	0	672	0	0	0	0	48
family	45	previous	48	48	48	0	0	720	0	0	0	0	0
family	46	planner	48	48	48	0	0	624	48	48	0	0	48
family	46	reactive	48	48	48	0	0	624	48	48	0	0	48
family	46	initialized	48	0	48	0	48	3072	0	0	0	0	792
family	46	trained	48	48	48	0	0	624	48	48	0	0	48
family	46	memoryless	48	48	48	0	0	624	48	48	0	0	48
family	46	module0	48	48	48	0	0	624	48	48	0	0	48
family	46	module1	48	48	48	0	0	624	48	48	0	0	48
family	46	previous	48	12	12	36	0	336	0	0	0	0	48
family	47	planner	48	48	48	0	0	552	0	0	0	0	0
family	47	reactive	48	24	24	24	0	348	0	0	0	0	0
family	47	initialized	48	0	48	0	48	3072	0	0	0	0	468
family	47	trained	48	48	48	0	0	552	0	0	0	0	0
family	47	memoryless	48	24	24	24	0	348	0	0	0	0	0
family	47	module0	48	48	48	0	0	552	0	0	0	0	0
family	47	module1	48	48	48	0	0	552	0	0	0	0	0
family	47	previous	48	48	48	0	0	556	0	0	0	0	0
summary	planner	1152	1152	1152	0	0	13608	384	384	0	0	384
summary	reactive	1152	960	960	192	0	12228	384	384	0	0	384
summary	initialized	1152	0	1152	0	1152	73728	0	0	0	0	16998
summary	trained	1152	1152	1152	0	0	13608	384	384	0	0	384
summary	memoryless	1152	960	960	192	0	12228	384	384	0	0	384
summary	module0	1152	1152	1152	0	0	13608	384	384	0	0	384
summary	module1	1152	1152	1152	0	0	13608	384	384	0	0	768
summary	previous	1152	768	804	348	36	12674	0	0	0	0	384
mechanic	item	planner	384	384	384	0	0	4752	0	0	0	0	0
mechanic	item	reactive	384	384	384	0	0	4752	0	0	0	0	0
mechanic	item	initialized	384	0	384	0	384	24576	0	0	0	0	5448
mechanic	item	trained	384	384	384	0	0	4752	0	0	0	0	0
mechanic	item	memoryless	384	384	384	0	0	4752	0	0	0	0	0
mechanic	item	module0	384	384	384	0	0	4752	0	0	0	0	0
mechanic	item	module1	384	384	384	0	0	4752	0	0	0	0	384
mechanic	item	previous	384	348	384	0	36	6888	0	0	0	0	0
mechanic	hazard	planner	384	384	384	0	0	4944	384	384	0	0	384
mechanic	hazard	reactive	384	384	384	0	0	4944	384	384	0	0	384
mechanic	hazard	initialized	384	0	384	0	384	24576	0	0	0	0	7980
mechanic	hazard	trained	384	384	384	0	0	4944	384	384	0	0	384
mechanic	hazard	memoryless	384	384	384	0	0	4944	384	384	0	0	384
mechanic	hazard	module0	384	384	384	0	0	4944	384	384	0	0	384
mechanic	hazard	module1	384	384	384	0	0	4944	384	384	0	0	384
mechanic	hazard	previous	384	36	36	348	0	1836	0	0	0	0	384
mechanic	cue	planner	384	384	384	0	0	3912	0	0	0	0	0
mechanic	cue	reactive	384	192	192	192	0	2532	0	0	0	0	0
mechanic	cue	initialized	384	0	384	0	384	24576	0	0	0	0	3570
mechanic	cue	trained	384	384	384	0	0	3912	0	0	0	0	0
mechanic	cue	memoryless	384	192	192	192	0	2532	0	0	0	0	0
mechanic	cue	module0	384	384	384	0	0	3912	0	0	0	0	0
mechanic	cue	module1	384	384	384	0	0	3912	0	0	0	0	0
mechanic	cue	previous	384	384	384	0	0	3950	0	0	0	0	0
composition_count	1464
mean_loss	0.0095482737086723182
module_weight	0	0.64302528105677359
module_contribution	0	0.64422097460159689
module_loss	0	0.012103858004628784
module_loss_change	0	0.0054626691527931209
module_mean_loss_difference	0	0.0025555842959564656
module_weight	1	0.35697471894322641
module_contribution	1	0.35577902539840311
module_loss	1	0.047007956447160389
module_loss_change	1	0.03856515738306078
module_mean_loss_difference	1	0.03745968273848807
