schema	npc-comparison-v2
comparator_sha256	4c8fa3fd027540c4005ead97cc4e08a60e0a878e8b6f1758ff3fc6c5a98853ed
comparator_kind	builtin-planner
families	24
variants_per_family	48
bootstrap_samples	10000
bootstrap_seed	7331
outcome_equivalence_margin	0.02
cost_basis	all-terminal-episodes-cost-per-episode
path_cost_gate	report-only
scope	npc-pilot-v2-observed-outcomes
general_capability_parity	not-assessed
completion_difference	-0.046875
completion_ci_lower	-0.08854166666666667
completion_ci_upper	-0.010416666666666666
survival_difference	-0.046875
survival_ci_lower	-0.08854166666666667
survival_ci_upper	-0.010416666666666666
path_cost_difference	-0.4947916666666667
path_cost_ci_lower	-0.90625
path_cost_ci_upper	-0.13541666666666666
outcome_equivalence_supported	0
reference_capture_sha256	-
