schema	npc-evaluation-v2
split	development
family_count	24
variants_per_family	48
weighting	equal-family
initialized_seed	42
history_disabled_fields	8,9,10,11
composition_sample_identity	dev-first8variants-first8decisions-nonfallback-v2
family	24	planner	48	48	48	0	0	528	0	0	0	0	0
family	24	reactive	48	48	48	0	0	528	0	0	0	0	0
family	24	initialized	48	0	48	0	48	3072	0	0	0	0	420
family	24	trained	48	48	48	0	0	528	0	0	0	0	0
family	24	memoryless	48	48	48	0	0	528	0	0	0	0	0
family	24	module0	48	48	48	0	0	528	0	0	0	0	0
family	24	module1	48	48	48	0	0	528	0	0	0	0	0
family	25	planner	48	48	48	0	0	624	48	48	0	0	48
family	25	reactive	48	48	48	0	0	624	48	48	0	0	48
family	25	initialized	48	0	48	0	48	3072	0	0	0	0	1368
family	25	trained	48	48	48	0	0	624	48	48	0	0	48
family	25	memoryless	48	48	48	0	0	624	48	48	0	0	48
family	25	module0	48	48	48	0	0	624	48	48	0	0	48
family	25	module1	48	48	48	0	0	624	48	48	0	0	48
family	26	planner	48	48	48	0	0	384	0	0	0	0	0
family	26	reactive	48	24	24	24	0	264	0	0	0	0	0
family	26	initialized	48	0	48	0	48	3072	0	0	0	0	321
family	26	trained	48	48	48	0	0	384	0	0	0	0	0
family	26	memoryless	48	24	24	24	0	270	0	0	0	0	7
family	26	module0	48	48	48	0	0	384	0	0	0	0	0
family	26	module1	48	48	48	0	0	384	0	0	0	0	0
family	27	planner	48	48	48	0	0	576	0	0	0	0	0
family	27	reactive	48	48	48	0	0	576	0	0	0	0	0
family	27	initialized	48	0	48	0	48	3072	0	0	0	0	756
family	27	trained	48	48	48	0	0	576	0	0	0	0	0
family	27	memoryless	48	48	48	0	0	576	0	0	0	0	0
family	27	module0	48	48	48	0	0	576	0	0	0	0	0
family	27	module1	48	48	48	0	0	576	0	0	0	0	0
family	28	planner	48	48	48	0	0	528	48	48	0	0	48
family	28	reactive	48	48	48	0	0	528	48	48	0	0	48
family	28	initialized	48	0	48	0	48	3072	0	0	0	0	1320
family	28	trained	48	48	48	0	0	528	48	48	0	0	48
family	28	memoryless	48	42	42	6	0	474	48	42	0	0	48
family	28	module0	48	48	48	0	0	528	48	48	0	0	48
family	28	module1	48	48	48	0	0	528	48	48	0	0	48
family	29	planner	48	48	48	0	0	408	0	0	0	0	0
family	29	reactive	48	24	24	24	0	276	0	0	0	0	0
family	29	initialized	48	0	48	0	48	3072	0	0	0	0	408
family	29	trained	48	48	48	0	0	408	0	0	0	0	0
family	29	memoryless	48	24	24	24	0	276	0	0	0	0	0
family	29	module0	48	48	48	0	0	408	0	0	0	0	0
family	29	module1	48	48	48	0	0	408	0	0	0	0	0
family	30	planner	48	48	48	0	0	576	0	0	0	0	0
family	30	reactive	48	48	48	0	0	576	0	0	0	0	0
family	30	initialized	48	0	48	0	48	3072	0	0	0	0	384
family	30	trained	48	48	48	0	0	576	0	0	0	0	0
family	30	memoryless	48	48	48	0	0	576	0	0	0	0	0
family	30	module0	48	48	48	0	0	576	0	0	0	0	0
family	30	module1	48	48	48	0	0	576	0	0	0	0	0
family	31	planner	48	48	48	0	0	528	48	48	0	0	48
family	31	reactive	48	48	48	0	0	528	48	48	0	0	48
family	31	initialized	48	0	48	0	48	3072	0	0	0	0	1320
family	31	trained	48	48	48	0	0	540	48	48	0	0	48
family	31	memoryless	48	42	42	6	0	474	48	42	0	0	48
family	31	module0	48	48	48	0	0	540	48	48	0	0	48
family	31	module1	48	48	48	0	0	540	48	48	0	0	48
family	32	planner	48	48	48	0	0	432	0	0	0	0	0
family	32	reactive	48	24	24	24	0	288	0	0	0	0	0
family	32	initialized	48	0	48	0	48	3072	0	0	0	0	408
family	32	trained	48	48	48	0	0	432	0	0	0	0	0
family	32	memoryless	48	24	24	24	0	288	0	0	0	0	0
family	32	module0	48	48	48	0	0	432	0	0	0	0	0
family	32	module1	48	48	48	0	0	432	0	0	0	0	0
family	33	planner	48	48	48	0	0	528	0	0	0	0	0
family	33	reactive	48	48	48	0	0	528	0	0	0	0	0
family	33	initialized	48	0	48	0	48	3072	0	0	0	0	420
family	33	trained	48	48	48	0	0	528	0	0	0	0	0
family	33	memoryless	48	48	48	0	0	528	0	0	0	0	0
family	33	module0	48	48	48	0	0	528	0	0	0	0	0
family	33	module1	48	48	48	0	0	528	0	0	0	0	0
family	34	planner	48	48	48	0	0	528	48	48	0	0	48
family	34	reactive	48	48	48	0	0	528	48	48	0	0	48
family	34	initialized	48	0	48	0	48	3072	0	0	0	0	1320
family	34	trained	48	48	48	0	0	540	48	48	0	0	48
family	34	memoryless	48	42	42	6	0	474	48	42	0	0	48
family	34	module0	48	48	48	0	0	540	48	48	0	0	48
family	34	module1	48	48	48	0	0	540	48	48	0	0	48
family	35	planner	48	48	48	0	0	456	0	0	0	0	0
family	35	reactive	48	24	24	24	0	300	0	0	0	0	0
family	35	initialized	48	0	48	0	48	3072	0	0	0	0	408
family	35	trained	48	48	48	0	0	456	0	0	0	0	0
family	35	memoryless	48	24	24	24	0	300	0	0	0	0	0
family	35	module0	48	48	48	0	0	456	0	0	0	0	0
family	35	module1	48	48	48	0	0	456	0	0	0	0	0
family	36	planner	48	48	48	0	0	672	0	0	0	0	0
family	36	reactive	48	48	48	0	0	672	0	0	0	0	0
family	36	initialized	48	0	48	0	48	3072	0	0	0	0	420
family	36	trained	48	48	48	0	0	672	0	0	0	0	0
family	36	memoryless	48	48	48	0	0	672	0	0	0	0	0
family	36	module0	48	48	48	0	0	672	0	0	0	0	0
family	36	module1	48	48	48	0	0	672	0	0	0	0	0
family	37	planner	48	48	48	0	0	576	48	48	0	0	48
family	37	reactive	48	48	48	0	0	576	48	48	0	0	48
family	37	initialized	48	0	48	0	48	3072	0	0	0	0	594
family	37	trained	48	48	48	0	0	576	48	48	0	0	48
family	37	memoryless	48	42	42	6	0	516	48	42	0	0	48
family	37	module0	48	48	48	0	0	576	48	48	0	0	48
family	37	module1	48	48	48	0	0	576	48	48	0	0	48
family	38	planner	48	48	48	0	0	480	0	0	0	0	0
family	38	reactive	48	24	24	24	0	312	0	0	0	0	0
family	38	initialized	48	0	48	0	48	3072	0	0	0	0	408
family	38	trained	48	48	48	0	0	480	0	0	0	0	0
family	38	memoryless	48	24	24	24	0	312	0	0	0	0	0
family	38	module0	48	48	48	0	0	480	0	0	0	0	0
family	38	module1	48	48	48	0	0	480	0	0	0	0	0
family	39	planner	48	48	48	0	0	624	0	0	0	0	0
family	39	reactive	48	48	48	0	0	624	0	0	0	0	0
family	39	initialized	48	0	48	0	48	3072	0	0	0	0	372
family	39	trained	48	48	48	0	0	624	0	0	0	0	0
family	39	memoryless	48	48	48	0	0	624	0	0	0	0	0
family	39	module0	48	48	48	0	0	624	0	0	0	0	0
family	39	module1	48	48	48	0	0	624	0	0	0	0	0
family	40	planner	48	48	48	0	0	576	48	48	0	0	48
family	40	reactive	48	48	48	0	0	576	48	48	0	0	48
family	40	initialized	48	0	48	0	48	3072	0	0	0	0	594
family	40	trained	48	48	48	0	0	576	48	48	0	0	48
family	40	memoryless	48	42	42	6	0	516	48	42	0	0	48
family	40	module0	48	48	48	0	0	576	48	48	0	0	48
family	40	module1	48	48	48	0	0	576	48	48	0	0	48
family	41	planner	48	48	48	0	0	432	0	0	0	0	0
family	41	reactive	48	24	24	24	0	288	0	0	0	0	0
family	41	initialized	48	0	48	0	48	3072	0	0	0	0	468
family	41	trained	48	48	48	0	0	432	0	0	0	0	0
family	41	memoryless	48	24	24	24	0	288	0	0	0	0	0
family	41	module0	48	48	48	0	0	432	0	0	0	0	0
family	41	module1	48	48	48	0	0	432	0	0	0	0	0
family	42	planner	48	48	48	0	0	624	0	0	0	0	0
family	42	reactive	48	48	48	0	0	624	0	0	0	0	0
family	42	initialized	48	0	48	0	48	3072	0	0	0	0	756
family	42	trained	48	48	48	0	0	624	0	0	0	0	0
family	42	memoryless	48	48	48	0	0	624	0	0	0	0	0
family	42	module0	48	48	48	0	0	624	0	0	0	0	0
family	42	module1	48	48	48	0	0	624	0	0	0	0	0
family	43	planner	48	48	48	0	0	576	48	48	0	0	48
family	43	reactive	48	48	48	0	0	576	48	48	0	0	48
family	43	initialized	48	0	48	0	48	3072	0	0	0	0	594
family	43	trained	48	48	48	0	0	576	48	48	0	0	48
family	43	memoryless	48	42	42	6	0	516	48	42	0	0	48
family	43	module0	48	48	48	0	0	576	48	48	0	0	48
family	43	module1	48	48	48	0	0	576	48	48	0	0	48
family	44	planner	48	48	48	0	0	456	0	0	0	0	0
family	44	reactive	48	24	24	24	0	300	0	0	0	0	0
family	44	initialized	48	0	48	0	48	3072	0	0	0	0	468
family	44	trained	48	48	48	0	0	456	0	0	0	0	0
family	44	memoryless	48	24	24	24	0	300	0	0	0	0	0
family	44	module0	48	48	48	0	0	456	0	0	0	0	0
family	44	module1	48	48	48	0	0	456	0	0	0	0	0
family	45	planner	48	48	48	0	0	528	0	0	0	0	0
family	45	reactive	48	48	48	0	0	528	0	0	0	0	0
family	45	initialized	48	0	48	0	48	3072	0	0	0	0	384
family	45	trained	48	48	48	0	0	528	0	0	0	0	0
family	45	memoryless	48	48	48	0	0	528	0	0	0	0	0
family	45	module0	48	48	48	0	0	528	0	0	0	0	0
family	45	module1	48	48	48	0	0	528	0	0	0	0	0
family	46	planner	48	48	48	0	0	624	48	48	0	0	48
family	46	reactive	48	48	48	0	0	624	48	48	0	0	48
family	46	initialized	48	0	48	0	48	3072	0	0	0	0	606
family	46	trained	48	48	48	0	0	624	48	48	0	0	48
family	46	memoryless	48	42	42	6	0	558	48	42	0	0	48
family	46	module0	48	48	48	0	0	624	48	48	0	0	48
family	46	module1	48	48	48	0	0	624	48	48	0	0	48
family	47	planner	48	48	48	0	0	480	0	0	0	0	0
family	47	reactive	48	24	24	24	0	312	0	0	0	0	0
family	47	initialized	48	0	48	0	48	3072	0	0	0	0	468
family	47	trained	48	48	48	0	0	480	0	0	0	0	0
family	47	memoryless	48	24	24	24	0	312	0	0	0	0	0
family	47	module0	48	48	48	0	0	480	0	0	0	0	0
family	47	module1	48	48	48	0	0	480	0	0	0	0	0
summary	planner	1152	1152	1152	0	0	12744	384	384	0	0	384
summary	reactive	1152	960	960	192	0	11556	384	384	0	0	384
summary	initialized	1152	0	1152	0	1152	73728	0	0	0	0	14985
summary	trained	1152	1152	1152	0	0	12768	384	384	0	0	384
summary	memoryless	1152	918	918	234	0	11154	384	342	0	0	391
summary	module0	1152	1152	1152	0	0	12768	384	384	0	0	384
summary	module1	1152	1152	1152	0	0	12768	384	384	0	0	384
mechanic	item	planner	384	384	384	0	0	4656	0	0	0	0	0
mechanic	item	reactive	384	384	384	0	0	4656	0	0	0	0	0
mechanic	item	initialized	384	0	384	0	384	24576	0	0	0	0	3912
mechanic	item	trained	384	384	384	0	0	4656	0	0	0	0	0
mechanic	item	memoryless	384	384	384	0	0	4656	0	0	0	0	0
mechanic	item	module0	384	384	384	0	0	4656	0	0	0	0	0
mechanic	item	module1	384	384	384	0	0	4656	0	0	0	0	0
mechanic	hazard	planner	384	384	384	0	0	4560	384	384	0	0	384
mechanic	hazard	reactive	384	384	384	0	0	4560	384	384	0	0	384
mechanic	hazard	initialized	384	0	384	0	384	24576	0	0	0	0	7716
mechanic	hazard	trained	384	384	384	0	0	4584	384	384	0	0	384
mechanic	hazard	memoryless	384	342	342	42	0	4152	384	342	0	0	384
mechanic	hazard	module0	384	384	384	0	0	4584	384	384	0	0	384
mechanic	hazard	module1	384	384	384	0	0	4584	384	384	0	0	384
mechanic	cue	planner	384	384	384	0	0	3528	0	0	0	0	0
mechanic	cue	reactive	384	192	192	192	0	2340	0	0	0	0	0
mechanic	cue	initialized	384	0	384	0	384	24576	0	0	0	0	3357
mechanic	cue	trained	384	384	384	0	0	3528	0	0	0	0	0
mechanic	cue	memoryless	384	192	192	192	0	2346	0	0	0	0	7
mechanic	cue	module0	384	384	384	0	0	3528	0	0	0	0	0
mechanic	cue	module1	384	384	384	0	0	3528	0	0	0	0	0
composition_count	1448
mean_loss	0.037451045957487605
module_weight	0	0.49942999180791275
module_contribution	0	0.49942877285155435
module_loss	0	0.037452536442031309
module_loss_change	0	4.1369222707098465e-06
module_mean_loss_difference	0	1.4904845437035963e-06
module_weight	1	0.5005700081920873
module_contribution	1	0.5005712271484456
module_loss	1	0.037449552079196445
module_loss_change	1	4.1334313750182765e-06
module_mean_loss_difference	1	1.4938782911602666e-06
