schema	npc-reference-evaluation-v2
split	audit
comparator_sha256	4c8fa3fd027540c4005ead97cc4e08a60e0a878e8b6f1758ff3fc6c5a98853ed
family_count	24
variants_per_family	48
weighting	equal-family
capture_validation	authoritative-native-replay-v2
family	48	reference	48	48	48	0	0	528	0	0	0	0	0
family	49	reference	48	48	48	0	0	624	48	48	0	0	48
family	50	reference	48	48	48	0	0	432	0	0	0	0	0
family	51	reference	48	48	48	0	0	480	0	0	0	0	0
family	52	reference	48	48	48	0	0	624	48	48	0	0	48
family	53	reference	48	48	48	0	0	456	0	0	0	0	0
family	54	reference	48	48	48	0	0	720	0	0	0	0	0
family	55	reference	48	48	48	0	0	576	48	48	0	0	48
family	56	reference	48	48	48	0	0	480	0	0	0	0	0
family	57	reference	48	48	48	0	0	672	0	0	0	0	0
family	58	reference	48	48	48	0	0	576	48	48	0	0	48
family	59	reference	48	48	48	0	0	504	0	0	0	0	0
family	60	reference	48	48	48	0	0	672	0	0	0	0	0
family	61	reference	48	48	48	0	0	576	48	48	0	0	48
family	62	reference	48	48	48	0	0	528	0	0	0	0	0
family	63	reference	48	48	48	0	0	576	0	0	0	0	0
family	64	reference	48	48	48	0	0	624	48	48	0	0	48
family	65	reference	48	48	48	0	0	480	0	0	0	0	0
family	66	reference	48	48	48	0	0	576	0	0	0	0	0
family	67	reference	48	48	48	0	0	624	48	48	0	0	48
family	68	reference	48	48	48	0	0	504	0	0	0	0	0
family	69	reference	48	48	48	0	0	528	0	0	0	0	0
family	70	reference	48	48	48	0	0	624	48	48	0	0	48
family	71	reference	48	48	48	0	0	528	0	0	0	0	0
summary	reference	1152	1152	1152	0	0	13512	384	384	0	0	384
mechanic	item	reference	384	384	384	0	0	4752	0	0	0	0	0
mechanic	hazard	reference	384	384	384	0	0	4848	384	384	0	0	384
mechanic	cue	reference	384	384	384	0	0	3912	0	0	0	0	0
