protocol	1
contract_version	1
release_id	4648140ae26830d79b2930461c1ee3e06a50e480d24752b4dd20d7505df5eca3
parent_release_id	-
checkpoint_sha256	2e0d3a4ba818b77671d14bb62eecbd09437e068627eb883f9f69df441b156bc6
model_sha256	4852f9872ebadcab4781d5e5d6bac67d0680bdbdce4a9546bc450296f3eeb6ef
report_sha256	066d67fb4f201e98726845664c18231148f8fa5dc6ba448c7a18de16e94c9df1
contract_sha256	16090a6fce35908638ea92cf1f2e077665de39779baa9f898f0f5de2bff9944b
catalog_sha256	c47919c75a667e9ad6d93f5d63e420d5c80be3a413bc6de9b89043fab23e4cd0
scenarios_sha256	b9832242a1b6229b8e7f5ec7f7c9ed93397866fadf9ad39a5de512d3090d3dc6
generator_sha256	504a4ccde4ace5ab6fb1806b7143e2fb72a71cdf4cb04c6d49e0d32487636cc3
runtime_sha256	7b1bb21890d132dd161c716ab8f572b9a379984433731f1b1fb2e2ffb587bb01
trainer_sha256	ff5c8dbf70f230ba1f5c54121f23b68cc19e52ce845f489407f813055e24f203
source_identity_sha256	30009c1af955cf8ee68f58e37f7702118bbe784c7e891dbb4a69e5a91f66a4c0
native_sha256	1f1cd328258f96b702bb3e23a047747a203bf3079807aadffb4b4c0ba482cadf
learning_rate	0.01
epochs	200
steps	9600
release_sha256	ba70e02df380be96402cb0a9fbc0aae9f213ac69ce6cdc45cdb67f35f1fc4be3
