format	scholarly-citations-v1
policy	scholarly-attribution-v1
scientificTruth	not-assessed
papers	13
paper.0.doi	10.1038/s41467-021-21246-9
paper.0.title	Inference and analysis of cell-cell communication using CellChat
paper.0.year	2021
paper.0.license	https://creativecommons.org/licenses/by/4.0/
paper.0.sourceSha256	c56728b77b3cdc83706bc27810d25d3a7c02adea24aa70182a6019627ddaa5c5
paper.0.metadataSha256	b253d621c7e0f572f827a6521b489f5aacee0f2623f818631ed95b2d3cf78266
paper.0.registrySha256	c7ee3a7960deb6c3a8a1ebf245e9055b515d8a1a90c180c55dfa17e3800ccef1
paper.0.authors	9
paper.0.author.0	Suoqin Jin
paper.0.author.1	Christian F Guerrero-Juarez
paper.0.author.2	Lihua Zhang
paper.0.author.3	Ivan Chang
paper.0.author.4	Raul Ramos
paper.0.author.5	Chen-Hsiang Kuan
paper.0.author.6	Peggy Myung
paper.0.author.7	Maksim V Plikus
paper.0.author.8	Qing Nie
paper.0.references	2
paper.0.reference.0.doi	10.1002/dvdy.21099
paper.0.reference.0.metadataSha256	829c083c5a6d15aad8393f7d391575c5ea1fc180b8fd5309e5ba81a031ef37b6
paper.0.reference.1.doi	10.1006/dbio.1999.9325
paper.0.reference.1.metadataSha256	88c10dba09e90454843e3c94f5f5d78909d1cd3089817054a691296d0359615f
paper.1.doi	10.1038/s41586-020-2649-2
paper.1.title	Array programming with NumPy
paper.1.year	2020
paper.1.license	https://creativecommons.org/licenses/by/4.0/
paper.1.sourceSha256	ee45ae9621d29ac77fbbe489e29deede9d93271dd2abcb6c6523720d103ae29b
paper.1.metadataSha256	b253d621c7e0f572f827a6521b489f5aacee0f2623f818631ed95b2d3cf78266
paper.1.registrySha256	196e5057051b3656eeecb5c995dd435b99ef3e8d02959df8b301e19f63ee0712
paper.1.authors	26
paper.1.author.0	Charles R Harris
paper.1.author.1	K Jarrod Millman
paper.1.author.2	Stéfan J van der Walt
paper.1.author.3	Ralf Gommers
paper.1.author.4	Pauli Virtanen
paper.1.author.5	David Cournapeau
paper.1.author.6	Eric Wieser
paper.1.author.7	Julian Taylor
paper.1.author.8	Sebastian Berg
paper.1.author.9	Nathaniel J Smith
paper.1.author.10	Robert Kern
paper.1.author.11	Matti Picus
paper.1.author.12	Stephan Hoyer
paper.1.author.13	Marten H van Kerkwijk
paper.1.author.14	Matthew Brett
paper.1.author.15	Allan Haldane
paper.1.author.16	Jaime Fernández del Río
paper.1.author.17	Mark Wiebe
paper.1.author.18	Pearu Peterson
paper.1.author.19	Pierre Gérard-Marchant
paper.1.author.20	Kevin Sheppard
paper.1.author.21	Tyler Reddy
paper.1.author.22	Warren Weckesser
paper.1.author.23	Hameer Abbasi
paper.1.author.24	Christoph Gohlke
paper.1.author.25	Travis E Oliphant
paper.1.references	2
paper.1.reference.0.doi	10.1038/s41592-019-0686-2
paper.1.reference.0.metadataSha256	40a66bfb0eaffab32c2b506308e6935b9b2a53dc0fb6786d4c39ed1a9b5db5f7
paper.1.reference.1.doi	10.1051/0004-6361/201322068
paper.1.reference.1.metadataSha256	8fc179dc120f75f6fd76a733b015fc51f19639949e3c3e55023b02d69219aa77
paper.2.doi	10.1038/s41586-021-03819-2
paper.2.title	Highly accurate protein structure prediction with AlphaFold
paper.2.year	2021
paper.2.license	https://creativecommons.org/licenses/by/4.0/
paper.2.sourceSha256	a93693b00ee4ba41da6bc50f04712a66aa1aa2184d3a85b4b68ec7a35757c028
paper.2.metadataSha256	8fc327efc1a696a089ee5ca653127563efc5ed08d99d39dd2862a202d5180cca
paper.2.registrySha256	e6a5ec43e3d956803dd454f073e0d93b30f8a24a663b009abb70e6e0d3873e33
paper.2.authors	34
paper.2.author.0	John Jumper
paper.2.author.1	Richard Evans
paper.2.author.2	Alexander Pritzel
paper.2.author.3	Tim Green
paper.2.author.4	Michael Figurnov
paper.2.author.5	Olaf Ronneberger
paper.2.author.6	Kathryn Tunyasuvunakool
paper.2.author.7	Russ Bates
paper.2.author.8	Augustin Žídek
paper.2.author.9	Anna Potapenko
paper.2.author.10	Alex Bridgland
paper.2.author.11	Clemens Meyer
paper.2.author.12	Simon A. A. Kohl
paper.2.author.13	Andrew J. Ballard
paper.2.author.14	Andrew Cowie
paper.2.author.15	Bernardino Romera-Paredes
paper.2.author.16	Stanislav Nikolov
paper.2.author.17	Rishub Jain
paper.2.author.18	Jonas Adler
paper.2.author.19	Trevor Back
paper.2.author.20	Stig Petersen
paper.2.author.21	David Reiman
paper.2.author.22	Ellen Clancy
paper.2.author.23	Michal Zielinski
paper.2.author.24	Martin Steinegger
paper.2.author.25	Michalina Pacholska
paper.2.author.26	Tamas Berghammer
paper.2.author.27	Sebastian Bodenstein
paper.2.author.28	David Silver
paper.2.author.29	Oriol Vinyals
paper.2.author.30	Andrew W. Senior
paper.2.author.31	Koray Kavukcuoglu
paper.2.author.32	Pushmeet Kohli
paper.2.author.33	Demis Hassabis
paper.2.references	2
paper.2.reference.0.doi	10.1002/prot.20264
paper.2.reference.0.metadataSha256	0f2003cb207cd41a13d2fa7983468df521f78c1b0e4b5b4a7ebe7395035faa39
paper.2.reference.1.doi	10.1002/prot.21123
paper.2.reference.1.metadataSha256	7967b375afe075d9490d1739f8ad2781dde29197290416f33a191f7cf93e82f6
paper.3.doi	10.1038/s41586-024-07487-w
paper.3.title	Accurate structure prediction of biomolecular interactions with AlphaFold 3
paper.3.year	2024
paper.3.license	https://creativecommons.org/licenses/by/4.0/
paper.3.sourceSha256	e627083f74d990b275e96a7503eee3e3eae9e3035b8efb28321277fcac6f1d6e
paper.3.metadataSha256	8fc327efc1a696a089ee5ca653127563efc5ed08d99d39dd2862a202d5180cca
paper.3.registrySha256	45522916d629a64033d39a9591bfb50c826a0d7262e05d471da6cebf7aeb6648
paper.3.authors	48
paper.3.author.0	Josh Abramson
paper.3.author.1	Jonas Adler
paper.3.author.2	Jack Dunger
paper.3.author.3	Richard Evans
paper.3.author.4	Tim Green
paper.3.author.5	Alexander Pritzel
paper.3.author.6	Olaf Ronneberger
paper.3.author.7	Lindsay Willmore
paper.3.author.8	Andrew J Ballard
paper.3.author.9	Joshua Bambrick
paper.3.author.10	Sebastian W Bodenstein
paper.3.author.11	David A Evans
paper.3.author.12	Chia-Chun Hung
paper.3.author.13	Michael O’Neill
paper.3.author.14	David Reiman
paper.3.author.15	Kathryn Tunyasuvunakool
paper.3.author.16	Zachary Wu
paper.3.author.17	Akvilė Žemgulytė
paper.3.author.18	Eirini Arvaniti
paper.3.author.19	Charles Beattie
paper.3.author.20	Ottavia Bertolli
paper.3.author.21	Alex Bridgland
paper.3.author.22	Alexey Cherepanov
paper.3.author.23	Miles Congreve
paper.3.author.24	Alexander I Cowen-Rivers
paper.3.author.25	Andrew Cowie
paper.3.author.26	Michael Figurnov
paper.3.author.27	Fabian B Fuchs
paper.3.author.28	Hannah Gladman
paper.3.author.29	Rishub Jain
paper.3.author.30	Yousuf A Khan
paper.3.author.31	Caroline M R Low
paper.3.author.32	Kuba Perlin
paper.3.author.33	Anna Potapenko
paper.3.author.34	Pascal Savy
paper.3.author.35	Sukhdeep Singh
paper.3.author.36	Adrian Stecula
paper.3.author.37	Ashok Thillaisundaram
paper.3.author.38	Catherine Tong
paper.3.author.39	Sergei Yakneen
paper.3.author.40	Ellen D Zhong
paper.3.author.41	Michal Zielinski
paper.3.author.42	Augustin Žídek
paper.3.author.43	Victor Bapst
paper.3.author.44	Pushmeet Kohli
paper.3.author.45	Max Jaderberg
paper.3.author.46	Demis Hassabis
paper.3.author.47	John M Jumper
paper.3.references	2
paper.3.reference.0.doi	10.1002/adma.202210938
paper.3.reference.0.metadataSha256	408fbae40bb17f5e43d68aabb51aa0dd1df1b9191c0ddfe36f91ec500276dde4
paper.3.reference.1.doi	10.1002/jcc.21334
paper.3.reference.1.metadataSha256	f6c3aa3e5b9f636bce51aa2d847df4419846dbb8ca4f708dd0fd75f3a6a21a1b
paper.4.doi	10.1038/s41598-017-17204-5
paper.4.title	QuPath: Open source software for digital pathology image analysis
paper.4.year	2017
paper.4.license	https://creativecommons.org/licenses/by/4.0/
paper.4.sourceSha256	2deade5e5489116be718283965c68a33619e6b14551b37989a344d1762856cfd
paper.4.metadataSha256	b253d621c7e0f572f827a6521b489f5aacee0f2623f818631ed95b2d3cf78266
paper.4.registrySha256	75a07bf19d98bf81b3bb350a7df33dd1407dee84ea897df038f503884aee2d08
paper.4.authors	13
paper.4.author.0	Peter Bankhead
paper.4.author.1	Maurice B Loughrey
paper.4.author.2	José A Fernández
paper.4.author.3	Yvonne Dombrowski
paper.4.author.4	Darragh G McArt
paper.4.author.5	Philip D Dunne
paper.4.author.6	Stephen McQuaid
paper.4.author.7	Ronan T Gray
paper.4.author.8	Liam J Murray
paper.4.author.9	Helen G Coleman
paper.4.author.10	Jacqueline A James
paper.4.author.11	Manuel Salto-Tellez
paper.4.author.12	Peter W Hamilton
paper.4.references	2
paper.4.reference.0.doi	10.1016/0046-8177(95)90060-8
paper.4.reference.0.metadataSha256	5b26aaed6984dd57801a4ef5ee2a11b751e1d3c6df577baeef4e6ff44c980703
paper.4.reference.1.doi	10.1016/j.ymeth.2014.06.015
paper.4.reference.1.metadataSha256	06fba2771714011ea498f2908e6650a7c10ffa720ace0fcbaa3f58eb8544fec8
paper.5.doi	10.1038/srep42717
paper.5.title	SwissADME: a free web tool to evaluate pharmacokinetics, drug-likeness and medicinal chemistry friendliness of small molecules
paper.5.year	2017
paper.5.license	https://creativecommons.org/licenses/by/4.0/
paper.5.sourceSha256	ebc3e69b26c16ee332b199312c8693fc35a18dd41889131edfa57f96604f2f44
paper.5.metadataSha256	b253d621c7e0f572f827a6521b489f5aacee0f2623f818631ed95b2d3cf78266
paper.5.registrySha256	aec8d1ec3bb70783b8980556b707e17a3b3a9c093ae22af5457362043ec08f5d
paper.5.authors	3
paper.5.author.0	Antoine Daina
paper.5.author.1	Olivier Michielin
paper.5.author.2	Vincent Zoete
paper.5.references	2
paper.5.reference.0.doi	10.1002/cmdc.200700139
paper.5.reference.0.metadataSha256	778a70c15287078292668707a18b5210075678d0349c635ffb9f873eceefbb9b
paper.5.reference.1.doi	10.1002/cmdc.201600182
paper.5.reference.1.metadataSha256	1f248548ea54ee7cefc774c374eb5a7bdb8493bcd68e79091f875ba1d50dbf72
paper.6.doi	10.1088/3049-477x/aea331
paper.6.title	Machine-learning in optimization of CRISPR technology
paper.6.year	2026
paper.6.license	https://creativecommons.org/licenses/by/4.0/
paper.6.sourceSha256	b6bad8c4aa6b461a60f0cced70be56b62daadb4d9f30795c79a50b853bcaf4f6
paper.6.metadataSha256	e5a0d042a507f99627b3cd651d0d6dd5c83faec9b57ca1d2329ebdf3a2e9a020
paper.6.registrySha256	29dea76d8b63b90fbf7c82605ff73002a2b7711e09944d9d2795b977c2b8ce7e
paper.6.authors	3
paper.6.author.0	Risi Liyanage
paper.6.author.1	Lei Jin
paper.6.author.2	Shi-Jie Chen
paper.6.references	2
paper.6.reference.0.doi	10.1007/s10565-019-09486-4
paper.6.reference.0.metadataSha256	b3e6f483e54526f3277c4e888924f7c6d294aeb145205a9e7a3ca61e14a44bdf
paper.6.reference.1.doi	10.1007/s10994-006-6226-1
paper.6.reference.1.metadataSha256	8df73f3398c76dc41ad545b9773b404bf8c30a3c7de7750618888284ab54026e
paper.7.doi	10.1093/jamiaopen/ooag173
paper.7.title	Large language model-based evaluation of the impact of gender in medical research
paper.7.year	2026
paper.7.license	https://creativecommons.org/licenses/by/4.0/
paper.7.sourceSha256	0d2b7c9b87335ccb40befb4ee7c8f7c64f17a663aaef490e8e6f1a6ccc8c8172
paper.7.metadataSha256	7486f0345858f707b725b71f8fce11723684c44dced0cbe8af463a2aa792abdc
paper.7.registrySha256	9db28e32329991786b04b8d12c31ce9ede60a08457d09fb21e12453c81d641e9
paper.7.authors	1
paper.7.author.0	Michael S Yao
paper.7.references	2
paper.7.reference.0.doi	10.1001/jamainternmed.2016.9646
paper.7.reference.0.metadataSha256	cbdf4158f2d8c7ed102021ca55e37920ea2c88c620438eb47167f7281ebd0e83
paper.7.reference.1.doi	10.1001/jamanetworkopen.2021.14509
paper.7.reference.1.metadataSha256	cf96bb7fd7b370472408741d95ea6ef9fec79d099dddbd65840a93395e7966fa
paper.8.doi	10.1093/molbev/msab120
paper.8.title	MEGA11: Molecular Evolutionary Genetics Analysis Version 11
paper.8.year	2021
paper.8.license	https://creativecommons.org/licenses/by/4.0/
paper.8.sourceSha256	c39a53106f3a34f3177b6d851fbd91c5952d17b39121dd0dfc417ea861f3bbfa
paper.8.metadataSha256	8fc327efc1a696a089ee5ca653127563efc5ed08d99d39dd2862a202d5180cca
paper.8.registrySha256	765505c9465e7c3b71221665a1647e740a796ddc5d1ca519a935e5e8db7cb6ab
paper.8.authors	3
paper.8.author.0	Koichiro Tamura
paper.8.author.1	Glen Stecher
paper.8.author.2	Sudhir Kumar
paper.8.references	2
paper.8.reference.0.doi	10.1073/pnas.1213199109
paper.8.reference.0.metadataSha256	f044e624d9c1e86fc11ec226f61503d63699870f3616d29df359cc1faf76cb09
paper.8.reference.1.doi	10.1093/bib/5.2.150
paper.8.reference.1.metadataSha256	226d47317a9024f171d18cbd904486fffcd097eec52e5d78a820699f6df0b290
paper.9.doi	10.1093/nar/gky427
paper.9.title	SWISS-MODEL: homology modelling of protein structures and complexes
paper.9.year	2018
paper.9.license	https://creativecommons.org/licenses/by/4.0/
paper.9.sourceSha256	4b6626400a432232d3b6c61a702d448f0dab6948350152e04397d438010eacef
paper.9.metadataSha256	b253d621c7e0f572f827a6521b489f5aacee0f2623f818631ed95b2d3cf78266
paper.9.registrySha256	fc5aaaeaad0f6582aa652dead4958521f1f6d85ee0e2a56826a6b1373f1c76ef
paper.9.authors	12
paper.9.author.0	Andrew Waterhouse
paper.9.author.1	Martino Bertoni
paper.9.author.2	Stefan Bienert
paper.9.author.3	Gabriel Studer
paper.9.author.4	Gerardo Tauriello
paper.9.author.5	Rafal Gumienny
paper.9.author.6	Florian T Heer
paper.9.author.7	Tjaart A P de Beer
paper.9.author.8	Christine Rempfer
paper.9.author.9	Lorenza Bordoli
paper.9.author.10	Rosalba Lepore
paper.9.author.11	Torsten Schwede
paper.9.references	2
paper.9.reference.0.doi	10.1002/elps.1150181505
paper.9.reference.0.metadataSha256	ec3e032887062161d2b608a066cd677dc374bff0752057bdf8806c5e668aa66a
paper.9.reference.1.doi	10.1002/jcc.20065
paper.9.reference.1.metadataSha256	ab30f93ac44d738de9a9d8b6f809a7c8acc97705de92786988d6c64c62659842
paper.10.doi	10.1186/1471-2105-12-77
paper.10.title	pROC: an open-source package for R and S+ to analyze and compare ROC curves
paper.10.year	2011
paper.10.license	https://creativecommons.org/licenses/by/2.0/
paper.10.sourceSha256	fcac422d6296eccfa32578ccce4084c18af59809cf52eff4e25be8385386b344
paper.10.metadataSha256	8fc327efc1a696a089ee5ca653127563efc5ed08d99d39dd2862a202d5180cca
paper.10.registrySha256	519fbe29c7eb5e9018dc9fc674f6582092f7e62d901b301e8c95eb25f31619b8
paper.10.authors	7
paper.10.author.0	Xavier Robin
paper.10.author.1	Natacha Turck
paper.10.author.2	Alexandre Hainard
paper.10.author.3	Natalia Tiberti
paper.10.author.4	Frédérique Lisacek
paper.10.author.5	Jean-Charles Sanchez
paper.10.author.6	Markus Müller
paper.10.references	2
paper.10.reference.0.doi	10.1002/sim.2149
paper.10.reference.0.metadataSha256	138ba3ea8aeef17452a3b20eacd5db2972337934bd7fc771a8a614eb43badf89
paper.10.reference.1.doi	10.1002/sim.4780130513
paper.10.reference.1.metadataSha256	833033a575b9de4ba06e815dfba8d2fdb65b23fed39c98aa2cec73dcb9f98ec8
paper.11.doi	10.1186/1471-2105-9-559
paper.11.title	WGCNA: an R package for weighted correlation network analysis
paper.11.year	2008
paper.11.license	https://creativecommons.org/licenses/by/2.0/
paper.11.sourceSha256	343db6b864c8ccf6d40ceeedff07c59af16cff98aa8e4629cfa7f19c944cf5e0
paper.11.metadataSha256	eabfffb70a4f136a781e3a5dcefa6a53e05e4aed51cbaadb5498812887e84fdd
paper.11.registrySha256	5c778faab2925868b2876ce0eeef741e1c25f44b3a024f50205314b582dbbc24
paper.11.authors	2
paper.11.author.0	Peter Langfelder
paper.11.author.1	Steve Horvath
paper.11.references	2
paper.11.reference.0.doi	10.1007/s00335-007-9043-3
paper.11.reference.0.metadataSha256	d0734871283fd2b0c865f93d5f8e32f7f30102042669ca46e99832108bd1fb16
paper.11.reference.1.doi	10.1038/30918
paper.11.reference.1.metadataSha256	378729c4d62b0685e486c5afdc30785cfb5d3cf7e07585c163d09664ee98af17
paper.12.doi	10.1186/gb-2004-5-10-r80
paper.12.title	Bioconductor: open software development for computational biology and bioinformatics
paper.12.year	2004
paper.12.license	https://creativecommons.org/licenses/by/2.0/
paper.12.sourceSha256	f22fb5cc4d6a94bc24fae5c26a5dd67f6361d15c951b9b7e12287f91c07ad35d
paper.12.metadataSha256	b253d621c7e0f572f827a6521b489f5aacee0f2623f818631ed95b2d3cf78266
paper.12.registrySha256	3c053269ea782c67a961388755817cfc8589b33ee96f4d7803465e37e2d09361
paper.12.authors	25
paper.12.author.0	Robert C Gentleman
paper.12.author.1	Vincent J Carey
paper.12.author.2	Douglas M Bates
paper.12.author.3	Ben Bolstad
paper.12.author.4	Marcel Dettling
paper.12.author.5	Sandrine Dudoit
paper.12.author.6	Byron Ellis
paper.12.author.7	Laurent Gautier
paper.12.author.8	Yongchao Ge
paper.12.author.9	Jeff Gentry
paper.12.author.10	Kurt Hornik
paper.12.author.11	Torsten Hothorn
paper.12.author.12	Wolfgang Huber
paper.12.author.13	Stefano Iacus
paper.12.author.14	Rafael Irizarry
paper.12.author.15	Friedrich Leisch
paper.12.author.16	Cheng Li
paper.12.author.17	Martin Maechler
paper.12.author.18	Anthony J Rossini
paper.12.author.19	Gunther Sawitzki
paper.12.author.20	Colin Smith
paper.12.author.21	Gordon Smyth
paper.12.author.22	Luke Tierney
paper.12.author.23	Jean YH Yang
paper.12.author.24	Jianhua Zhang
paper.12.references	2
paper.12.reference.0.doi	10.1038/417119a
paper.12.reference.0.metadataSha256	9467bd7469f79b58bd6e85bd2c0379cb34ffc0ce7ebf2f7c929e659b78636603
paper.12.reference.1.doi	10.1093/bioinformatics/19.1.155
paper.12.reference.1.metadataSha256	57bb2de2fa1eef70c70f350915d2f99945cac47269d4188b3039888898f27378
