format	scholarly-metrics-v1
scope	attributed-source-excerpts-and-next-token-regression
scientificTruth	not-assessed
passed	true
mode	rebuild-training-vocabulary
epochs	1
steps	15809
replay.verified	true
replay.sha256	93204aa8cd150df6af514da92c248be74e9769f321782254afbe7362cd627549
before.development.tokens	199
before.development.unknownTokens	43
before.development.crossEntropy	7.789234368912457
before.development.accuracy	0
after.development.tokens	199
after.development.unknownTokens	43
after.development.crossEntropy	7.4836206302290496
after.development.accuracy	0.06030150753768844
before.test.tokens	205
before.test.unknownTokens	39
before.test.crossEntropy	7.793060921029154
before.test.accuracy	0
after.test.tokens	205
after.test.unknownTokens	39
after.test.crossEntropy	7.423248282062043
after.test.accuracy	0.03902439024390244
candidate.before.training.tokens	15809
candidate.before.training.unknownTokens	0
candidate.before.training.crossEntropy	7.791360717232347
candidate.before.training.accuracy	0.0004427857549497122
candidate.after.training.tokens	15809
candidate.after.training.unknownTokens	0
candidate.after.training.crossEntropy	5.269609774948646
candidate.after.training.accuracy	0.12442279714086912
