format	scholarly-release-v1
version	1
releaseId	2d577255d0929a35fc4f5b7d2b0c9df97d762ca3be6ebda362361d266b3fdd76
parentReleaseId	-
corpusSha256	73ab9facfe81c66f55e61cc515a0c557d64e0318b00a85d938eefcb9ec70ef31
benchmarkSha256	1943975bf6760fe06006040aa37729fcf2bbc2f60f9a9cbde129b8c2f91e69c1
checkpointSha256	93204aa8cd150df6af514da92c248be74e9769f321782254afbe7362cd627549
nativeSha256	89d874372c23ad22dfb613f6068635b3a5548fca84a2a0166eded282f38beeb6
learningRate	0.005
epochs	1
steps	15809
promotedAt	2026-10-02T14:45:18.320Z
policy	scholarly-attribution-v1
scientificTruth	not-assessed
papers	13
passages	360
passages.train	352
passages.development	4
passages.test	4
file.checkpoint.txt.sha256	93204aa8cd150df6af514da92c248be74e9769f321782254afbe7362cd627549
file.model.cgnn.sha256	b573da33197e6abef7563eb8eda8533ba82da42e3c2625008f371ee6c78c18ae
file.citations.tsv.sha256	ff28f4079efa3a1c4cfad02d9613c409b3e3e72207b12ac039525c5f7ab20421
file.metrics.tsv.sha256	59d918ec0d6c9807e4188fb74d57c85d140bc362003b95e100522e326c35599b
