format	scholarly-head-v1
version	1
releaseId	2d577255d0929a35fc4f5b7d2b0c9df97d762ca3be6ebda362361d266b3fdd76
parentReleaseId	-
corpusSha256	73ab9facfe81c66f55e61cc515a0c557d64e0318b00a85d938eefcb9ec70ef31
benchmarkSha256	1943975bf6760fe06006040aa37729fcf2bbc2f60f9a9cbde129b8c2f91e69c1
checkpointSha256	93204aa8cd150df6af514da92c248be74e9769f321782254afbe7362cd627549
nativeSha256	89d874372c23ad22dfb613f6068635b3a5548fca84a2a0166eded282f38beeb6
learningRate	0.005
epochs	1
steps	15809
promotedAt	2026-10-02T14:45:18.320Z
manifestSha256	e910938009b6e062263572a3272b74b4dc86b7e4649fb867ab5289ccd3301f40
binarySha256	b573da33197e6abef7563eb8eda8533ba82da42e3c2625008f371ee6c78c18ae
artifactManifestSha256	a86e41b221f9f6a45658b614ca6ac03ae6acd0dc4bc3d654487c29744ecbfbfd
