id	family	split	event	danger	relationship	setting	health	distance	cover	objective	readiness	target
0	0	development	idle	low	friendly	indoor	ready	far	absent	hold	ready	abstain
1	0	development	idle	low	friendly	outdoor	ready	far	absent	hold	ready	abstain
2	1	test	idle	low	neutral	indoor	ready	far	absent	hold	ready	abstain
3	1	test	idle	low	neutral	outdoor	ready	far	absent	hold	ready	abstain
4	2	training	idle	low	hostile	indoor	ready	far	absent	hold	ready	abstain
5	2	training	idle	low	hostile	outdoor	ready	far	absent	hold	ready	abstain
6	3	training	idle	high	friendly	indoor	ready	far	absent	hold	ready	abstain
7	3	training	idle	high	friendly	outdoor	ready	far	absent	hold	ready	abstain
8	4	training	idle	high	neutral	indoor	ready	far	absent	hold	ready	abstain
9	4	training	idle	high	neutral	outdoor	ready	far	absent	hold	ready	abstain
10	5	training	idle	high	hostile	indoor	ready	far	absent	hold	ready	abstain
11	5	training	idle	high	hostile	outdoor	ready	far	absent	hold	ready	abstain
12	6	development	greet	low	friendly	indoor	ready	far	absent	hold	ready	greetwarm
13	6	development	greet	low	friendly	outdoor	ready	far	absent	hold	ready	greetwarm
14	7	test	greet	low	neutral	indoor	ready	far	absent	hold	ready	greetplain
15	7	test	greet	low	neutral	outdoor	ready	far	absent	hold	ready	greetplain
16	8	training	greet	low	hostile	indoor	ready	far	absent	hold	ready	warnhostile
17	8	training	greet	low	hostile	outdoor	ready	far	absent	hold	ready	warnhostile
18	9	training	greet	high	friendly	indoor	ready	far	absent	hold	ready	greetwarm
19	9	training	greet	high	friendly	outdoor	ready	far	absent	hold	ready	greetwarm
20	10	training	greet	high	neutral	indoor	ready	far	absent	hold	ready	greetplain
21	10	training	greet	high	neutral	outdoor	ready	far	absent	hold	ready	greetplain
22	11	training	greet	high	hostile	indoor	ready	far	absent	hold	ready	warnhostile
23	11	training	greet	high	hostile	outdoor	ready	far	absent	hold	ready	warnhostile
24	12	development	threat	low	friendly	indoor	ready	far	absent	hold	ready	threatcalm
25	12	development	threat	low	friendly	outdoor	ready	far	absent	hold	ready	threatcalm
26	13	test	threat	low	neutral	indoor	ready	far	absent	hold	ready	threatcalm
27	13	test	threat	low	neutral	outdoor	ready	far	absent	hold	ready	threatcalm
28	14	training	threat	low	hostile	indoor	ready	far	absent	hold	ready	threatcalm
29	14	training	threat	low	hostile	outdoor	ready	far	absent	hold	ready	threatcalm
30	15	training	threat	high	friendly	indoor	ready	far	absent	hold	ready	threaturgent
31	15	training	threat	high	friendly	outdoor	ready	far	absent	hold	ready	threaturgent
32	16	training	threat	high	neutral	indoor	ready	far	absent	hold	ready	threaturgent
33	16	training	threat	high	neutral	outdoor	ready	far	absent	hold	ready	threaturgent
34	17	training	threat	high	hostile	indoor	ready	far	absent	hold	ready	threaturgent
35	17	training	threat	high	hostile	outdoor	ready	far	absent	hold	ready	threaturgent
36	18	development	victory	low	friendly	indoor	ready	far	absent	hold	ready	victory
37	18	development	victory	low	friendly	outdoor	ready	far	absent	hold	ready	victory
38	19	test	victory	low	neutral	indoor	ready	far	absent	hold	ready	victory
39	19	test	victory	low	neutral	outdoor	ready	far	absent	hold	ready	victory
40	20	training	victory	low	hostile	indoor	ready	far	absent	hold	ready	victory
41	20	training	victory	low	hostile	outdoor	ready	far	absent	hold	ready	victory
42	21	training	victory	high	friendly	indoor	ready	far	absent	hold	ready	victory
43	21	training	victory	high	friendly	outdoor	ready	far	absent	hold	ready	victory
44	22	training	victory	high	neutral	indoor	ready	far	absent	hold	ready	victory
45	22	training	victory	high	neutral	outdoor	ready	far	absent	hold	ready	victory
46	23	training	victory	high	hostile	indoor	ready	far	absent	hold	ready	victory
47	23	training	victory	high	hostile	outdoor	ready	far	absent	hold	ready	victory
48	24	development	discovery	low	friendly	indoor	ready	far	absent	hold	ready	discover
49	24	development	discovery	low	friendly	outdoor	ready	far	absent	hold	ready	discover
50	25	test	discovery	low	neutral	indoor	ready	far	absent	hold	ready	discover
51	25	test	discovery	low	neutral	outdoor	ready	far	absent	hold	ready	discover
52	26	training	discovery	low	hostile	indoor	ready	far	absent	hold	ready	discover
53	26	training	discovery	low	hostile	outdoor	ready	far	absent	hold	ready	discover
54	27	training	discovery	high	friendly	indoor	ready	far	absent	hold	ready	discover
55	27	training	discovery	high	friendly	outdoor	ready	far	absent	hold	ready	discover
56	28	training	discovery	high	neutral	indoor	ready	far	absent	hold	ready	discover
57	28	training	discovery	high	neutral	outdoor	ready	far	absent	hold	ready	discover
58	29	training	discovery	high	hostile	indoor	ready	far	absent	hold	ready	discover
59	29	training	discovery	high	hostile	outdoor	ready	far	absent	hold	ready	discover
60	30	development	retreat	low	friendly	indoor	ready	far	absent	hold	ready	retreat
61	30	development	retreat	low	friendly	outdoor	ready	far	absent	hold	ready	retreat
62	31	test	retreat	low	neutral	indoor	ready	far	absent	hold	ready	retreat
63	31	test	retreat	low	neutral	outdoor	ready	far	absent	hold	ready	retreat
64	32	training	retreat	low	hostile	indoor	ready	far	absent	hold	ready	retreat
65	32	training	retreat	low	hostile	outdoor	ready	far	absent	hold	ready	retreat
66	33	training	retreat	high	friendly	indoor	ready	far	absent	hold	ready	retreat
67	33	training	retreat	high	friendly	outdoor	ready	far	absent	hold	ready	retreat
68	34	training	retreat	high	neutral	indoor	ready	far	absent	hold	ready	retreat
69	34	training	retreat	high	neutral	outdoor	ready	far	absent	hold	ready	retreat
70	35	training	retreat	high	hostile	indoor	ready	far	absent	hold	ready	retreat
71	35	training	retreat	high	hostile	outdoor	ready	far	absent	hold	ready	retreat
