family_id	split	mechanic	layout_family	geometry_index	variants	branch_left	branch_right	post_item_length	canonical_geometry
0	training	item	item-0	0	48	0	0	0	item-layout-0
1	training	hazard	hazard-0	0	48	0	0	0	hazard-layout-0
2	training	cue	cue-0	0	48	1	1	1	cue-branches-1-1-exit-1
3	training	item	item-1	1	48	0	0	0	item-layout-1
4	training	hazard	hazard-1	1	48	0	0	0	hazard-layout-1
5	training	cue	cue-1	1	48	1	2	1	cue-branches-1-2-exit-1
6	training	item	item-2	2	48	0	0	0	item-layout-2
7	training	hazard	hazard-2	2	48	0	0	0	hazard-layout-2
8	training	cue	cue-2	2	48	1	3	1	cue-branches-1-3-exit-1
9	training	item	item-3	3	48	0	0	0	item-layout-3
10	training	hazard	hazard-3	3	48	0	0	0	hazard-layout-3
11	training	cue	cue-3	3	48	1	4	1	cue-branches-1-4-exit-1
12	training	item	item-4	4	48	0	0	0	item-layout-4
13	training	hazard	hazard-4	4	48	0	0	0	hazard-layout-4
14	training	cue	cue-4	4	48	1	5	1	cue-branches-1-5-exit-1
15	training	item	item-5	5	48	0	0	0	item-layout-5
16	training	hazard	hazard-5	5	48	0	0	0	hazard-layout-5
17	training	cue	cue-5	5	48	2	2	1	cue-branches-2-2-exit-1
18	training	item	item-6	6	48	0	0	0	item-layout-6
19	training	hazard	hazard-6	6	48	0	0	0	hazard-layout-6
20	training	cue	cue-6	6	48	2	3	1	cue-branches-2-3-exit-1
21	training	item	item-7	7	48	0	0	0	item-layout-7
22	training	hazard	hazard-7	7	48	0	0	0	hazard-layout-7
23	training	cue	cue-7	7	48	2	4	1	cue-branches-2-4-exit-1
24	development	item	item-8	8	48	0	0	0	item-layout-8
25	development	hazard	hazard-8	8	48	0	0	0	hazard-layout-8
26	development	cue	cue-8	8	48	1	1	2	cue-branches-1-1-exit-2
27	development	item	item-9	9	48	0	0	0	item-layout-9
28	development	hazard	hazard-9	9	48	0	0	0	hazard-layout-9
29	development	cue	cue-9	9	48	1	2	2	cue-branches-1-2-exit-2
30	development	item	item-10	10	48	0	0	0	item-layout-10
31	development	hazard	hazard-10	10	48	0	0	0	hazard-layout-10
32	development	cue	cue-10	10	48	1	3	2	cue-branches-1-3-exit-2
33	development	item	item-11	11	48	0	0	0	item-layout-11
34	development	hazard	hazard-11	11	48	0	0	0	hazard-layout-11
35	development	cue	cue-11	11	48	1	4	2	cue-branches-1-4-exit-2
36	development	item	item-12	12	48	0	0	0	item-layout-12
37	development	hazard	hazard-12	12	48	0	0	0	hazard-layout-12
38	development	cue	cue-12	12	48	1	5	2	cue-branches-1-5-exit-2
39	development	item	item-13	13	48	0	0	0	item-layout-13
40	development	hazard	hazard-13	13	48	0	0	0	hazard-layout-13
41	development	cue	cue-13	13	48	2	2	2	cue-branches-2-2-exit-2
42	development	item	item-14	14	48	0	0	0	item-layout-14
43	development	hazard	hazard-14	14	48	0	0	0	hazard-layout-14
44	development	cue	cue-14	14	48	2	3	2	cue-branches-2-3-exit-2
45	development	item	item-15	15	48	0	0	0	item-layout-15
46	development	hazard	hazard-15	15	48	0	0	0	hazard-layout-15
47	development	cue	cue-15	15	48	2	4	2	cue-branches-2-4-exit-2
48	audit	item	item-16	16	48	0	0	0	item-layout-16
49	audit	hazard	hazard-16	16	48	0	0	0	hazard-layout-16
50	audit	cue	cue-16	16	48	1	1	3	cue-branches-1-1-exit-3
51	audit	item	item-17	17	48	0	0	0	item-layout-17
52	audit	hazard	hazard-17	17	48	0	0	0	hazard-layout-17
53	audit	cue	cue-17	17	48	1	2	3	cue-branches-1-2-exit-3
54	audit	item	item-18	18	48	0	0	0	item-layout-18
55	audit	hazard	hazard-18	18	48	0	0	0	hazard-layout-18
56	audit	cue	cue-18	18	48	1	3	3	cue-branches-1-3-exit-3
57	audit	item	item-19	19	48	0	0	0	item-layout-19
58	audit	hazard	hazard-19	19	48	0	0	0	hazard-layout-19
59	audit	cue	cue-19	19	48	1	4	3	cue-branches-1-4-exit-3
60	audit	item	item-20	20	48	0	0	0	item-layout-20
61	audit	hazard	hazard-20	20	48	0	0	0	hazard-layout-20
62	audit	cue	cue-20	20	48	1	5	3	cue-branches-1-5-exit-3
63	audit	item	item-21	21	48	0	0	0	item-layout-21
64	audit	hazard	hazard-21	21	48	0	0	0	hazard-layout-21
65	audit	cue	cue-21	21	48	2	2	3	cue-branches-2-2-exit-3
66	audit	item	item-22	22	48	0	0	0	item-layout-22
67	audit	hazard	hazard-22	22	48	0	0	0	hazard-layout-22
68	audit	cue	cue-22	22	48	2	3	3	cue-branches-2-3-exit-3
69	audit	item	item-23	23	48	0	0	0	item-layout-23
70	audit	hazard	hazard-23	23	48	0	0	0	hazard-layout-23
71	audit	cue	cue-23	23	48	2	4	3	cue-branches-2-4-exit-3
