version	1
contract_version	1
scope	bounded-synthetic-bark-v1
hardware	12th Gen Intel(R) Core(TM) i5-12400F; win32 x64
compiler	msvc 193833145 C11
promotion_passed	1
model_limit_bytes	262144
session_limit_bytes	65536
p95_limit_us	500
p99_limit_us	1000
minimum_accuracy	0.95
minimum_development_improvement	0.000001
test_regression_tolerance	0.000000001
before_training_cases	48
before_training_correct	6
before_training_abstained	10
before_training_cross_entropy	2.5043647001475149
after_training_cases	48
after_training_correct	48
after_training_abstained	8
after_training_cross_entropy	7.3975881826173005e-05
before_development_cases	12
before_development_correct	0
before_development_abstained	0
before_development_cross_entropy	2.430923968219818
after_development_cases	12
after_development_correct	12
after_development_abstained	2
after_development_cross_entropy	0.00086124102087457627
before_test_cases	12
before_test_correct	2
before_test_abstained	4
before_test_cross_entropy	2.4162621389094121
after_test_cases	12
after_test_correct	12
after_test_abstained	2
after_test_cross_entropy	0.038793220667940921
mask_violations	0
repeat_violations	0
model_bytes	82937
session_bytes	5208
parameter_bytes	16768
parameter_count	2096
vocabulary_size	25
optimizer_bytes	0
sample_count	2048
session_pool	4
workers	1
p50_us	11
p95_us	23.800000000000001
p99_us	289.19999999999999
maximum_us	9239.8000000000011
