schema	npc-evaluation-v1
split	development
family_count	24
variants_per_family	48
weighting	equal-family
initialized_seed	42
history_disabled_fields	8,9,10,11
composition_sample_identity	dev-first8variants-first8decisions-nonfallback-v1
family	24	planner	48	48	48	0	0	528	0	0	0	0	0
family	24	reactive	48	48	48	0	0	528	0	0	0	0	0
family	24	initialized	48	0	48	0	48	3072	0	0	0	0	72
family	24	trained	48	48	48	0	0	528	0	0	0	0	0
family	24	memoryless	48	48	48	0	0	528	0	0	0	0	0
family	24	module0	48	48	48	0	0	528	0	0	0	0	0
family	24	module1	48	48	48	0	0	528	0	0	0	0	0
family	25	planner	48	48	48	0	0	624	48	48	0	0	48
family	25	reactive	48	48	48	0	0	624	48	48	0	0	48
family	25	initialized	48	0	48	0	48	3072	0	0	0	0	1524
family	25	trained	48	48	48	0	0	624	48	48	0	0	48
family	25	memoryless	48	48	48	0	0	624	48	48	0	0	48
family	25	module0	48	48	48	0	0	624	48	48	0	0	48
family	25	module1	48	48	48	0	0	624	48	48	0	0	48
family	26	planner	48	48	48	0	0	336	0	0	0	0	0
family	26	reactive	48	24	24	24	0	240	0	0	0	0	0
family	26	initialized	48	0	48	0	48	3072	0	0	0	0	321
family	26	trained	48	48	48	0	0	336	0	0	0	0	0
family	26	memoryless	48	24	24	24	0	239	0	0	0	0	0
family	26	module0	48	48	48	0	0	336	0	0	0	0	0
family	26	module1	48	48	48	0	0	336	0	0	0	0	0
family	27	planner	48	48	48	0	0	576	0	0	0	0	0
family	27	reactive	48	48	48	0	0	576	0	0	0	0	0
family	27	initialized	48	0	48	0	48	3072	0	0	0	0	420
family	27	trained	48	48	48	0	0	576	0	0	0	0	0
family	27	memoryless	48	48	48	0	0	576	0	0	0	0	0
family	27	module0	48	48	48	0	0	576	0	0	0	0	0
family	27	module1	48	48	48	0	0	576	0	0	0	0	0
family	28	planner	48	48	48	0	0	480	48	48	0	0	48
family	28	reactive	48	48	48	0	0	480	48	48	0	0	48
family	28	initialized	48	0	48	0	48	3072	0	0	0	0	1140
family	28	trained	48	48	48	0	0	528	48	48	0	0	48
family	28	memoryless	48	48	48	0	0	504	48	48	0	0	48
family	28	module0	48	48	48	0	0	528	48	48	0	0	48
family	28	module1	48	48	48	0	0	528	48	48	0	0	48
family	29	planner	48	48	48	0	0	360	0	0	0	0	0
family	29	reactive	48	24	24	24	0	252	0	0	0	0	0
family	29	initialized	48	0	48	0	48	3072	0	0	0	0	408
family	29	trained	48	48	48	0	0	360	0	0	0	0	0
family	29	memoryless	48	24	24	24	0	246	0	0	0	0	0
family	29	module0	48	48	48	0	0	360	0	0	0	0	0
family	29	module1	48	48	48	0	0	360	0	0	0	0	0
family	30	planner	48	48	48	0	0	576	0	0	0	0	0
family	30	reactive	48	48	48	0	0	576	0	0	0	0	0
family	30	initialized	48	0	48	0	48	3072	0	0	0	0	36
family	30	trained	48	48	48	0	0	576	0	0	0	0	0
family	30	memoryless	48	48	48	0	0	576	0	0	0	0	0
family	30	module0	48	48	48	0	0	576	0	0	0	0	0
family	30	module1	48	48	48	0	0	576	0	0	0	0	0
family	31	planner	48	48	48	0	0	480	48	48	0	0	48
family	31	reactive	48	48	48	0	0	480	48	48	0	0	48
family	31	initialized	48	0	48	0	48	3072	0	0	0	0	1140
family	31	trained	48	36	36	12	0	456	48	48	0	0	48
family	31	memoryless	48	48	48	0	0	504	48	48	0	0	48
family	31	module0	48	36	36	12	0	456	48	48	0	0	48
family	31	module1	48	48	48	0	0	528	48	48	0	0	48
family	32	planner	48	48	48	0	0	384	0	0	0	0	0
family	32	reactive	48	24	24	24	0	264	0	0	0	0	0
family	32	initialized	48	0	48	0	48	3072	0	0	0	0	408
family	32	trained	48	48	48	0	0	384	0	0	0	0	0
family	32	memoryless	48	24	24	24	0	252	0	0	0	0	0
family	32	module0	48	48	48	0	0	384	0	0	0	0	0
family	32	module1	48	48	48	0	0	384	0	0	0	0	0
family	33	planner	48	48	48	0	0	528	0	0	0	0	0
family	33	reactive	48	48	48	0	0	528	0	0	0	0	0
family	33	initialized	48	0	48	0	48	3072	0	0	0	0	756
family	33	trained	48	48	48	0	0	528	0	0	0	0	0
family	33	memoryless	48	48	48	0	0	528	0	0	0	0	0
family	33	module0	48	48	48	0	0	528	0	0	0	0	0
family	33	module1	48	48	48	0	0	528	0	0	0	0	0
family	34	planner	48	48	48	0	0	480	48	48	0	0	48
family	34	reactive	48	48	48	0	0	480	48	48	0	0	48
family	34	initialized	48	0	48	0	48	3072	0	0	0	0	1140
family	34	trained	48	36	36	12	0	456	48	48	0	0	48
family	34	memoryless	48	48	48	0	0	504	48	48	0	0	48
family	34	module0	48	36	36	12	0	456	48	48	0	0	48
family	34	module1	48	48	48	0	0	528	48	48	0	0	48
family	35	planner	48	48	48	0	0	408	0	0	0	0	0
family	35	reactive	48	24	24	24	0	276	0	0	0	0	0
family	35	initialized	48	0	48	0	48	3072	0	0	0	0	408
family	35	trained	48	48	48	0	0	408	0	0	0	0	0
family	35	memoryless	48	24	24	24	0	258	0	0	0	0	0
family	35	module0	48	48	48	0	0	408	0	0	0	0	0
family	35	module1	48	48	48	0	0	408	0	0	0	0	0
family	36	planner	48	48	48	0	0	672	0	0	0	0	0
family	36	reactive	48	48	48	0	0	672	0	0	0	0	0
family	36	initialized	48	0	48	0	48	3072	0	0	0	0	396
family	36	trained	48	48	48	0	0	672	0	0	0	0	0
family	36	memoryless	48	48	48	0	0	672	0	0	0	0	0
family	36	module0	48	48	48	0	0	672	0	0	0	0	0
family	36	module1	48	48	48	0	0	672	0	0	0	0	0
family	37	planner	48	48	48	0	0	528	48	48	0	0	48
family	37	reactive	48	48	48	0	0	528	48	48	0	0	48
family	37	initialized	48	0	48	0	48	3072	0	0	0	0	756
family	37	trained	48	48	48	0	0	576	48	48	0	0	48
family	37	memoryless	48	48	48	0	0	552	48	48	0	0	48
family	37	module0	48	48	48	0	0	576	48	48	0	0	48
family	37	module1	48	48	48	0	0	576	48	48	0	0	48
family	38	planner	48	48	48	0	0	432	0	0	0	0	0
family	38	reactive	48	24	24	24	0	288	0	0	0	0	0
family	38	initialized	48	0	48	0	48	3072	0	0	0	0	408
family	38	trained	48	48	48	0	0	432	0	0	0	0	0
family	38	memoryless	48	24	24	24	0	264	0	0	0	0	0
family	38	module0	48	48	48	0	0	432	0	0	0	0	0
family	38	module1	48	48	48	0	0	432	0	0	0	0	0
family	39	planner	48	48	48	0	0	624	0	0	0	0	0
family	39	reactive	48	48	48	0	0	624	0	0	0	0	0
family	39	initialized	48	0	48	0	48	3072	0	0	0	0	48
family	39	trained	48	48	48	0	0	624	0	0	0	0	0
family	39	memoryless	48	48	48	0	0	624	0	0	0	0	0
family	39	module0	48	48	48	0	0	624	0	0	0	0	0
family	39	module1	48	48	48	0	0	624	0	0	0	0	0
family	40	planner	48	48	48	0	0	528	48	48	0	0	48
family	40	reactive	48	48	48	0	0	528	48	48	0	0	48
family	40	initialized	48	0	48	0	48	3072	0	0	0	0	756
family	40	trained	48	48	48	0	0	576	48	48	0	0	48
family	40	memoryless	48	48	48	0	0	552	48	48	0	0	48
family	40	module0	48	48	48	0	0	576	48	48	0	0	48
family	40	module1	48	48	48	0	0	576	48	48	0	0	48
family	41	planner	48	48	48	0	0	384	0	0	0	0	0
family	41	reactive	48	24	24	24	0	264	0	0	0	0	0
family	41	initialized	48	0	48	0	48	3072	0	0	0	0	468
family	41	trained	48	48	48	0	0	384	0	0	0	0	0
family	41	memoryless	48	24	24	24	0	264	0	0	0	0	0
family	41	module0	48	48	48	0	0	384	0	0	0	0	0
family	41	module1	48	48	48	0	0	384	0	0	0	0	0
family	42	planner	48	48	48	0	0	624	0	0	0	0	0
family	42	reactive	48	48	48	0	0	624	0	0	0	0	0
family	42	initialized	48	0	48	0	48	3072	0	0	0	0	396
family	42	trained	48	48	48	0	0	624	0	0	0	0	0
family	42	memoryless	48	48	48	0	0	624	0	0	0	0	0
family	42	module0	48	48	48	0	0	624	0	0	0	0	0
family	42	module1	48	48	48	0	0	624	0	0	0	0	0
family	43	planner	48	48	48	0	0	528	48	48	0	0	48
family	43	reactive	48	48	48	0	0	528	48	48	0	0	48
family	43	initialized	48	0	48	0	48	3072	0	0	0	0	756
family	43	trained	48	48	48	0	0	576	48	48	0	0	48
family	43	memoryless	48	48	48	0	0	552	48	48	0	0	48
family	43	module0	48	48	48	0	0	576	48	48	0	0	48
family	43	module1	48	48	48	0	0	576	48	48	0	0	48
family	44	planner	48	48	48	0	0	408	0	0	0	0	0
family	44	reactive	48	24	24	24	0	276	0	0	0	0	0
family	44	initialized	48	0	48	0	48	3072	0	0	0	0	468
family	44	trained	48	48	48	0	0	408	0	0	0	0	0
family	44	memoryless	48	24	24	24	0	270	0	0	0	0	0
family	44	module0	48	48	48	0	0	408	0	0	0	0	0
family	44	module1	48	48	48	0	0	408	0	0	0	0	0
family	45	planner	48	48	48	0	0	528	0	0	0	0	0
family	45	reactive	48	48	48	0	0	528	0	0	0	0	0
family	45	initialized	48	0	48	0	48	3072	0	0	0	0	12
family	45	trained	48	48	48	0	0	528	0	0	0	0	0
family	45	memoryless	48	48	48	0	0	528	0	0	0	0	0
family	45	module0	48	48	48	0	0	528	0	0	0	0	0
family	45	module1	48	48	48	0	0	528	0	0	0	0	0
family	46	planner	48	48	48	0	0	576	48	48	0	0	48
family	46	reactive	48	48	48	0	0	576	48	48	0	0	48
family	46	initialized	48	0	48	0	48	3072	0	0	0	0	432
family	46	trained	48	48	48	0	0	624	48	48	0	0	48
family	46	memoryless	48	48	48	0	0	600	48	48	0	0	48
family	46	module0	48	48	48	0	0	624	48	48	0	0	48
family	46	module1	48	48	48	0	0	624	48	48	0	0	48
family	47	planner	48	48	48	0	0	432	0	0	0	0	0
family	47	reactive	48	24	24	24	0	288	0	0	0	0	0
family	47	initialized	48	0	48	0	48	3072	0	0	0	0	468
family	47	trained	48	48	48	0	0	432	0	0	0	0	0
family	47	memoryless	48	24	24	24	0	276	0	0	0	0	0
family	47	module0	48	48	48	0	0	432	0	0	0	0	0
family	47	module1	48	48	48	0	0	432	0	0	0	0	0
summary	planner	1152	1152	1152	0	0	12024	384	384	0	0	384
summary	reactive	1152	960	960	192	0	11028	384	384	0	0	384
summary	initialized	1152	0	1152	0	1152	73728	0	0	0	0	13137
summary	trained	1152	1128	1128	24	0	12216	384	384	0	0	384
summary	memoryless	1152	960	960	192	0	11117	384	384	0	0	384
summary	module0	1152	1128	1128	24	0	12216	384	384	0	0	384
summary	module1	1152	1152	1152	0	0	12360	384	384	0	0	384
mechanic	item	planner	384	384	384	0	0	4656	0	0	0	0	0
mechanic	item	reactive	384	384	384	0	0	4656	0	0	0	0	0
mechanic	item	initialized	384	0	384	0	384	24576	0	0	0	0	2136
mechanic	item	trained	384	384	384	0	0	4656	0	0	0	0	0
mechanic	item	memoryless	384	384	384	0	0	4656	0	0	0	0	0
mechanic	item	module0	384	384	384	0	0	4656	0	0	0	0	0
mechanic	item	module1	384	384	384	0	0	4656	0	0	0	0	0
mechanic	hazard	planner	384	384	384	0	0	4224	384	384	0	0	384
mechanic	hazard	reactive	384	384	384	0	0	4224	384	384	0	0	384
mechanic	hazard	initialized	384	0	384	0	384	24576	0	0	0	0	7644
mechanic	hazard	trained	384	360	360	24	0	4416	384	384	0	0	384
mechanic	hazard	memoryless	384	384	384	0	0	4392	384	384	0	0	384
mechanic	hazard	module0	384	360	360	24	0	4416	384	384	0	0	384
mechanic	hazard	module1	384	384	384	0	0	4560	384	384	0	0	384
mechanic	cue	planner	384	384	384	0	0	3144	0	0	0	0	0
mechanic	cue	reactive	384	192	192	192	0	2148	0	0	0	0	0
mechanic	cue	initialized	384	0	384	0	384	24576	0	0	0	0	3357
mechanic	cue	trained	384	384	384	0	0	3144	0	0	0	0	0
mechanic	cue	memoryless	384	192	192	192	0	2069	0	0	0	0	0
mechanic	cue	module0	384	384	384	0	0	3144	0	0	0	0	0
mechanic	cue	module1	384	384	384	0	0	3144	0	0	0	0	0
composition_count	1404
mean_loss	0.17716008075253648
module_weight	0	0.67923072751475755
module_contribution	0	0.67895167595994421
module_loss	0	0.17441417874483622
module_loss_change	0	0.011603613537643307
module_mean_loss_difference	0	0.0027459020077002516
module_weight	1	0.32076927248524206
module_contribution	1	0.32104832404005684
module_loss	1	0.17729560764362651
module_loss_change	1	0.028755403011177245
module_mean_loss_difference	1	0.00013552689109003202
