id	family	split	event	danger	relationship	setting	expected_id	prompt
0	0	development	idle	low	friendly	indoor	0	eventidle dangerlow relationfriendly settingindoor
1	0	development	idle	low	friendly	outdoor	0	eventidle dangerlow relationfriendly settingoutdoor
2	1	test	idle	low	neutral	indoor	0	eventidle dangerlow relationneutral settingindoor
3	1	test	idle	low	neutral	outdoor	0	eventidle dangerlow relationneutral settingoutdoor
4	2	training	idle	low	hostile	indoor	0	eventidle dangerlow relationhostile settingindoor
5	2	training	idle	low	hostile	outdoor	0	eventidle dangerlow relationhostile settingoutdoor
6	3	training	idle	high	friendly	indoor	0	eventidle dangerhigh relationfriendly settingindoor
7	3	training	idle	high	friendly	outdoor	0	eventidle dangerhigh relationfriendly settingoutdoor
8	4	training	idle	high	neutral	indoor	0	eventidle dangerhigh relationneutral settingindoor
9	4	training	idle	high	neutral	outdoor	0	eventidle dangerhigh relationneutral settingoutdoor
10	5	training	idle	high	hostile	indoor	0	eventidle dangerhigh relationhostile settingindoor
11	5	training	idle	high	hostile	outdoor	0	eventidle dangerhigh relationhostile settingoutdoor
12	6	development	greet	low	friendly	indoor	1	eventgreet dangerlow relationfriendly settingindoor
13	6	development	greet	low	friendly	outdoor	1	eventgreet dangerlow relationfriendly settingoutdoor
14	7	test	greet	low	neutral	indoor	2	eventgreet dangerlow relationneutral settingindoor
15	7	test	greet	low	neutral	outdoor	2	eventgreet dangerlow relationneutral settingoutdoor
16	8	training	greet	low	hostile	indoor	3	eventgreet dangerlow relationhostile settingindoor
17	8	training	greet	low	hostile	outdoor	3	eventgreet dangerlow relationhostile settingoutdoor
18	9	training	greet	high	friendly	indoor	1	eventgreet dangerhigh relationfriendly settingindoor
19	9	training	greet	high	friendly	outdoor	1	eventgreet dangerhigh relationfriendly settingoutdoor
20	10	training	greet	high	neutral	indoor	2	eventgreet dangerhigh relationneutral settingindoor
21	10	training	greet	high	neutral	outdoor	2	eventgreet dangerhigh relationneutral settingoutdoor
22	11	training	greet	high	hostile	indoor	3	eventgreet dangerhigh relationhostile settingindoor
23	11	training	greet	high	hostile	outdoor	3	eventgreet dangerhigh relationhostile settingoutdoor
24	12	development	threat	low	friendly	indoor	4	eventthreat dangerlow relationfriendly settingindoor
25	12	development	threat	low	friendly	outdoor	4	eventthreat dangerlow relationfriendly settingoutdoor
26	13	test	threat	low	neutral	indoor	4	eventthreat dangerlow relationneutral settingindoor
27	13	test	threat	low	neutral	outdoor	4	eventthreat dangerlow relationneutral settingoutdoor
28	14	training	threat	low	hostile	indoor	4	eventthreat dangerlow relationhostile settingindoor
29	14	training	threat	low	hostile	outdoor	4	eventthreat dangerlow relationhostile settingoutdoor
30	15	training	threat	high	friendly	indoor	5	eventthreat dangerhigh relationfriendly settingindoor
31	15	training	threat	high	friendly	outdoor	5	eventthreat dangerhigh relationfriendly settingoutdoor
32	16	training	threat	high	neutral	indoor	5	eventthreat dangerhigh relationneutral settingindoor
33	16	training	threat	high	neutral	outdoor	5	eventthreat dangerhigh relationneutral settingoutdoor
34	17	training	threat	high	hostile	indoor	5	eventthreat dangerhigh relationhostile settingindoor
35	17	training	threat	high	hostile	outdoor	5	eventthreat dangerhigh relationhostile settingoutdoor
36	18	development	victory	low	friendly	indoor	6	eventvictory dangerlow relationfriendly settingindoor
37	18	development	victory	low	friendly	outdoor	6	eventvictory dangerlow relationfriendly settingoutdoor
38	19	test	victory	low	neutral	indoor	6	eventvictory dangerlow relationneutral settingindoor
39	19	test	victory	low	neutral	outdoor	6	eventvictory dangerlow relationneutral settingoutdoor
40	20	training	victory	low	hostile	indoor	6	eventvictory dangerlow relationhostile settingindoor
41	20	training	victory	low	hostile	outdoor	6	eventvictory dangerlow relationhostile settingoutdoor
42	21	training	victory	high	friendly	indoor	6	eventvictory dangerhigh relationfriendly settingindoor
43	21	training	victory	high	friendly	outdoor	6	eventvictory dangerhigh relationfriendly settingoutdoor
44	22	training	victory	high	neutral	indoor	6	eventvictory dangerhigh relationneutral settingindoor
45	22	training	victory	high	neutral	outdoor	6	eventvictory dangerhigh relationneutral settingoutdoor
46	23	training	victory	high	hostile	indoor	6	eventvictory dangerhigh relationhostile settingindoor
47	23	training	victory	high	hostile	outdoor	6	eventvictory dangerhigh relationhostile settingoutdoor
48	24	development	discovery	low	friendly	indoor	7	eventdiscovery dangerlow relationfriendly settingindoor
49	24	development	discovery	low	friendly	outdoor	7	eventdiscovery dangerlow relationfriendly settingoutdoor
50	25	test	discovery	low	neutral	indoor	7	eventdiscovery dangerlow relationneutral settingindoor
51	25	test	discovery	low	neutral	outdoor	7	eventdiscovery dangerlow relationneutral settingoutdoor
52	26	training	discovery	low	hostile	indoor	7	eventdiscovery dangerlow relationhostile settingindoor
53	26	training	discovery	low	hostile	outdoor	7	eventdiscovery dangerlow relationhostile settingoutdoor
54	27	training	discovery	high	friendly	indoor	7	eventdiscovery dangerhigh relationfriendly settingindoor
55	27	training	discovery	high	friendly	outdoor	7	eventdiscovery dangerhigh relationfriendly settingoutdoor
56	28	training	discovery	high	neutral	indoor	7	eventdiscovery dangerhigh relationneutral settingindoor
57	28	training	discovery	high	neutral	outdoor	7	eventdiscovery dangerhigh relationneutral settingoutdoor
58	29	training	discovery	high	hostile	indoor	7	eventdiscovery dangerhigh relationhostile settingindoor
59	29	training	discovery	high	hostile	outdoor	7	eventdiscovery dangerhigh relationhostile settingoutdoor
60	30	development	retreat	low	friendly	indoor	8	eventretreat dangerlow relationfriendly settingindoor
61	30	development	retreat	low	friendly	outdoor	8	eventretreat dangerlow relationfriendly settingoutdoor
62	31	test	retreat	low	neutral	indoor	8	eventretreat dangerlow relationneutral settingindoor
63	31	test	retreat	low	neutral	outdoor	8	eventretreat dangerlow relationneutral settingoutdoor
64	32	training	retreat	low	hostile	indoor	8	eventretreat dangerlow relationhostile settingindoor
65	32	training	retreat	low	hostile	outdoor	8	eventretreat dangerlow relationhostile settingoutdoor
66	33	training	retreat	high	friendly	indoor	8	eventretreat dangerhigh relationfriendly settingindoor
67	33	training	retreat	high	friendly	outdoor	8	eventretreat dangerhigh relationfriendly settingoutdoor
68	34	training	retreat	high	neutral	indoor	8	eventretreat dangerhigh relationneutral settingindoor
69	34	training	retreat	high	neutral	outdoor	8	eventretreat dangerhigh relationneutral settingoutdoor
70	35	training	retreat	high	hostile	indoor	8	eventretreat dangerhigh relationhostile settingindoor
71	35	training	retreat	high	hostile	outdoor	8	eventretreat dangerhigh relationhostile settingoutdoor
